{
    "val/loss": 0.3064863979816437,
    "train/loss": 0.3053438067436218,
    "epoch_time": 212.47526669502258
}