{
    "val/loss": 0.28861239552497864,
    "train/loss": 0.28975704312324524,
    "epoch_time": 221.5131070613861
}